date,board_id,board_name,member_count,valid_quote_count,coverage,equal_weight_change_pct,weighted_change_pct,advance_ratio,turnover_amount,turnover_vs_20d,source_board_change_pct,change_5d_pct,change_20d_pct,change_60d_pct,position_20d,position_60d,consecutive_up_days,consecutive_down_days,eligible_for_signal,status,error_flags
2026-04-27,ai_compute,AI算力,102,100,0.9804,2.6862,2.9234,0.82,5139243254.17,,,2.6862,2.6862,2.6862,0.5,0.5,1,0,True,,
2026-04-27,custom_watch,我的观察池,3,3,1.0,-0.8629,-2.7952,0.3333,3804687.0,,,-0.8629,-0.8629,-0.8629,0.5,0.5,0,1,True,,
2026-04-28,ai_compute,AI算力,102,102,1.0,-1.2283,-1.0367,0.3431,590043756.0,0.1148,,1.4249,1.4249,1.4249,0.0,0.0,0,1,True,低位观察,provider_members_stale
2026-04-28,custom_watch,我的观察池,3,3,1.0,-0.2756,-0.6644,0.6667,2058384.0,0.541,,-1.1361,-1.1361,-1.1361,0.0,0.0,0,2,True,调整中|低位观察,
2026-04-29,ai_compute,AI算力,102,98,0.9608,0.9394,0.852,0.5714,506971713.0,0.177,,2.3777,2.3777,2.3777,0.7554,0.7554,1,0,True,,provider_members_stale
2026-04-29,semiconductor,半导体,100,99,0.99,0.0425,0.4433,0.5859,146738003513.32,,0.19,0.0425,0.0425,0.0425,0.5,0.5,1,0,True,,
2026-04-29,custom_watch,我的观察池,3,3,1.0,1.44,1.7576,0.6667,1789572.0,0.6105,,0.2875,0.2875,0.2875,1.0,1.0,1,0,True,,
2026-04-30,ai_compute,AI算力,102,99,0.9706,1.5928,1.8315,0.6869,736852150.0,0.3545,,4.0084,4.0084,4.0084,1.0,1.0,2,0,True,强势延续,provider_members_stale
2026-04-30,semiconductor,半导体,100,98,0.98,3.194,4.7454,0.8367,1048906942.0,0.0071,,3.2379,3.2379,3.2379,1.0,1.0,2,0,True,强势延续,provider_members_stale
2026-04-30,custom_watch,我的观察池,3,3,1.0,-1.1534,-1.5337,0.0,1490116.0,0.5842,,-0.8692,-0.8692,-0.8692,0.1875,0.1875,0,1,True,低位观察,
2026-05-06,ai_compute,AI算力,102,99,0.9706,5.3848,4.5452,0.9495,973792018.0,0.5586,,9.609,9.609,9.609,1.0,1.0,3,0,True,强势延续,provider_members_stale
2026-05-06,semiconductor,半导体,100,98,0.98,3.2222,4.4086,0.8469,1332483718.0,0.018,,6.5644,6.5644,6.5644,1.0,1.0,3,0,True,强势延续,provider_members_stale
2026-05-06,custom_watch,我的观察池,3,3,1.0,1.2099,2.2237,0.3333,1737921.0,0.7603,,0.3302,0.3302,0.3302,1.0,1.0,1,0,True,,
2026-05-07,ai_compute,AI算力,102,100,0.9804,2.9999,2.1866,0.88,786020910.0,0.4945,3.11,9.9439,12.8972,12.8972,1.0,1.0,4,0,True,强势延续,
2026-05-07,semiconductor,半导体,100,98,0.98,2.2715,2.5147,0.898,975894649.0,0.0196,,8.985,8.985,8.985,1.0,1.0,4,0,True,强势延续,provider_members_stale
2026-05-07,custom_watch,我的观察池,3,3,1.0,-0.6713,-0.9991,0.3333,1363632.0,0.6266,,0.5241,-0.3433,-0.3433,0.5407,0.5407,0,1,True,,
2026-05-08,ai_compute,AI算力,102,101,0.9902,-0.2358,-0.2038,0.3267,676858294.0,0.465,,11.0486,12.631,12.631,0.9768,0.9768,0,1,True,,provider_members_stale
2026-05-08,semiconductor,半导体,100,98,0.98,-0.1499,-0.8258,0.4082,864066874.0,0.023,,8.8216,8.8216,8.8216,0.9817,0.9817,0,1,True,,provider_members_stale
2026-05-08,custom_watch,我的观察池,3,3,1.0,-1.2453,-1.4959,0.3333,1198238.0,0.5872,,-0.4534,-1.5844,-1.5844,0.0,0.0,0,2,True,调整中|低位观察,
2026-05-11,ai_compute,AI算力,102,100,0.9804,5.4977,6.3845,0.9,1011478238.0,0.7524,,16.0634,18.8231,18.8231,1.0,1.0,1,0,True,,provider_members_stale
2026-05-11,semiconductor,半导体,100,97,0.97,5.5389,6.0436,0.9691,1285657058.0,0.0426,,14.8004,14.8492,14.8492,1.0,1.0,1,0,True,,provider_members_stale
2026-05-11,custom_watch,我的观察池,3,3,1.0,0.3509,0.5878,0.3333,1330901.0,0.693,,-1.5222,-1.239,-1.239,0.1804,0.1804,1,0,True,低位观察,
2026-05-12,ai_compute,AI算力,102,99,0.9706,-0.316,1.7713,0.3838,584719496.0,0.4489,,13.8828,18.4476,18.4476,0.9784,0.9784,0,1,True,,
2026-05-12,semiconductor,半导体,100,97,0.97,0.257,1.1428,0.3918,1112552128.0,0.0438,,11.533,15.1443,15.1443,1.0,1.0,2,0,True,,provider_members_stale
2026-05-12,custom_watch,我的观察池,3,3,1.0,-1.3679,-1.8346,0.0,1421390.0,0.7697,,-1.7359,-2.59,-2.59,0.0,0.0,0,1,True,低位观察,
2026-05-13,ai_compute,AI算力,102,99,0.9706,4.0498,6.1093,0.8687,916838154.0,0.7497,,12.4401,23.2445,23.2445,1.0,1.0,1,0,True,,provider_members_stale
2026-05-13,semiconductor,半导体,100,97,0.97,2.6946,2.8016,0.8144,1183864413.0,0.054,,10.963,18.247,18.247,1.0,1.0,3,0,True,强势延续,provider_members_stale
2026-05-13,custom_watch,我的观察池,3,3,1.0,-0.3777,-0.1004,0.3333,1391800.0,0.7735,,-3.2772,-2.9579,-2.9579,0.0,0.0,0,2,True,调整中,
2026-05-14,ai_compute,AI算力,102,100,0.9804,-2.0738,-1.2582,0.2,839223158.0,0.7039,-1.67,6.9014,20.6886,20.6886,0.8829,0.8829,0,1,True,,
2026-05-14,semiconductor,半导体,100,97,0.97,-0.4658,-1.6783,0.3196,1283788154.0,0.0665,,7.993,17.6962,17.6962,0.9697,0.9697,0,1,True,,provider_members_stale
2026-05-14,custom_watch,我的观察池,3,3,1.0,-0.8673,-0.8836,0.0,1196658.0,0.6804,,-3.4681,-3.7995,-3.7995,0.0,0.0,0,3,True,调整中,
2026-05-15,ai_compute,AI算力,102,100,0.9804,-0.3098,-0.1639,0.41,996827482.0,0.8592,,6.8221,20.3147,20.3147,0.8657,0.8657,0,2,True,调整中,provider_members_stale
2026-05-15,semiconductor,半导体,100,97,0.97,-0.0027,-0.9149,0.4536,1439366219.0,0.0831,,8.1522,17.693,17.693,0.9696,0.9696,0,2,True,调整中,provider_members_stale
2026-05-15,custom_watch,我的观察池,3,3,1.0,-0.6864,-0.7388,0.0,1329975.0,0.7789,,-2.9218,-4.4599,-4.4599,0.0,0.0,0,4,True,调整中,
2026-05-18,ai_compute,AI算力,102,99,0.9706,1.9672,1.7534,0.6869,948993954.0,0.8277,2.24,3.2473,22.6816,22.6816,0.9742,0.9742,1,0,True,,
2026-05-18,semiconductor,半导体,100,97,0.97,0.5754,1.2819,0.5979,1630657935.0,0.1037,0.72,3.0658,18.3702,18.3702,1.0,1.0,1,0,True,,
2026-05-18,custom_watch,我的观察池,3,3,1.0,-1.1631,-1.1579,0.0,1191026.0,0.7106,,-4.3864,-5.5711,-5.5711,0.0,0.0,0,5,True,调整中,
2026-05-19,ai_compute,AI算力,102,98,0.9608,2.2248,1.8971,0.6939,883825101.0,0.7812,,5.8789,25.411,25.411,1.0,1.0,2,0,True,强势延续,
2026-05-19,semiconductor,半导体,100,96,0.96,3.4945,4.1629,0.8125,1781672368.0,0.1233,,6.394,22.5067,22.5067,1.0,1.0,2,0,True,强势延续,provider_members_stale
2026-05-19,custom_watch,我的观察池,3,3,1.0,0.0886,0.1262,0.6667,1097661.0,0.6698,,-2.9745,-5.4874,-5.4874,0.0142,0.0142,1,0,True,低位观察,
2026-05-20,ai_compute,AI算力,102,98,0.9608,2.4099,3.0829,0.7245,1078679833.0,0.9686,2.87,4.2102,28.4333,28.4333,1.0,1.0,3,0,True,强势延续,
2026-05-20,semiconductor,半导体,100,95,0.95,3.0733,4.8233,0.8,1465348765.0,0.1094,3.16,6.7864,26.2717,26.2717,1.0,1.0,3,0,True,强势延续,
2026-05-20,custom_watch,我的观察池,3,3,1.0,-0.7777,-0.7459,0.0,1076309.0,0.6726,,-3.3641,-6.2224,-6.2224,0.0,0.0,0,1,True,调整中,
2026-05-21,ai_compute,AI算力,102,98,0.9608,-5.2341,-3.1809,0.0918,1180684942.0,1.0624,,0.8471,21.7109,21.7109,0.7511,0.7511,0,1,True,,provider_members_stale
2026-05-21,semiconductor,半导体,100,95,0.95,-6.2636,-6.6935,0.0737,1706903815.0,0.1369,,0.5661,18.3625,18.3625,0.6985,0.6985,0,1,True,,provider_members_stale
2026-05-21,custom_watch,我的观察池,3,3,1.0,-0.5785,-0.5177,0.0,1487751.0,0.9505,,-3.0825,-6.7649,-6.7649,0.0,0.0,0,2,True,调整中,
2026-05-22,ai_compute,AI算力,102,98,0.9608,2.8299,3.2559,0.8673,911343325.0,0.8168,,4.0232,25.1552,25.1552,0.8786,0.8786,1,0,True,,provider_members_stale
2026-05-22,semiconductor,半导体,100,95,0.95,2.7813,2.5281,0.8842,1302855766.0,0.1113,,3.366,21.6545,21.6545,0.824,0.824,1,0,True,,provider_members_stale
2026-05-22,custom_watch,我的观察池,3,3,1.0,-0.6429,-0.9069,0.0,1281174.0,0.8211,,-3.0401,-7.3643,-7.3643,0.0,0.0,0,3,True,调整中,
2026-05-25,ai_compute,AI算力,102,99,0.9706,4.5714,6.1233,0.8283,1254121957.0,1.1363,,6.6799,30.8766,30.8766,1.0,1.0,2,0,True,强势延续,
2026-05-25,semiconductor,半导体,100,95,0.95,3.6272,3.1908,0.8526,1580832872.0,0.1436,,6.5024,26.0672,26.0672,0.9922,0.9922,2,0,True,强势延续,provider_members_stale
2026-05-25,custom_watch,我的观察池,3,3,1.0,-0.7854,-1.0541,0.0,1091433.0,0.7069,,-2.6696,-8.0919,-8.0919,0.0,0.0,0,4,True,调整中,
2026-05-26,ai_compute,AI算力,102,99,0.9706,-2.221,-1.6699,0.202,1058674447.0,0.952,,2.0404,27.9698,27.9698,0.9013,0.9013,0,1,True,,provider_members_stale
2026-05-26,semiconductor,半导体,100,95,0.95,-2.7153,-3.0613,0.1474,1393406207.0,0.1337,,0.1122,22.6441,22.6441,0.8617,0.8617,0,1,True,,provider_members_stale
2026-05-26,custom_watch,我的观察池,3,3,1.0,-0.0074,-0.5267,0.3333,1233906.0,0.8124,,-2.7629,-8.0987,-8.0987,0.0,0.0,0,5,True,调整中,
2026-05-27,ai_compute,AI算力,102,102,1.0,-2.4462,-1.6455,0.2157,758633172.0,0.6839,,-2.7982,24.8394,24.8394,0.795,0.795,0,2,True,调整中,
2026-05-27,semiconductor,半导体,100,95,0.95,-1.7135,-2.2757,0.2632,1544919104.0,0.1562,,-4.5371,20.5426,20.5426,0.7816,0.7816,0,2,True,调整中,provider_members_stale
2026-05-27,custom_watch,我的观察池,3,3,1.0,1.7156,2.5669,0.6667,1456184.0,0.9683,,-0.3195,-6.5221,-6.5221,0.1871,0.1871,1,0,True,低位观察,
2026-05-28,ai_compute,AI算力,102,99,0.9706,2.7241,1.7332,0.7374,1152186438.0,1.0554,2.51,5.3645,24.8855,28.2402,0.9105,0.9105,1,0,True,,
2026-05-28,semiconductor,半导体,100,95,0.95,2.4501,2.4665,0.7368,1665629910.0,0.1767,,4.3371,23.496,23.496,0.8942,0.8942,1,0,True,,provider_members_stale
2026-05-28,custom_watch,我的观察池,3,3,1.0,-0.9562,-1.0529,0.3333,1274372.0,0.8488,,-0.6982,-6.61,-7.4159,0.081,0.081,0,1,True,低位观察,
2026-05-29,ai_compute,AI算力,102,99,0.9706,-5.5371,-3.5078,0.0909,1114157345.0,1.2486,,-3.2087,19.4375,21.1394,0.6583,0.6694,0,1,True,,provider_members_stale
2026-05-29,semiconductor,半导体,100,95,0.95,-6.229,-5.5962,0.0632,1693275611.0,0.1878,,-4.8096,15.8034,15.8034,0.6009,0.6009,0,1,True,,provider_members_stale
2026-05-29,custom_watch,我的观察池,3,3,1.0,2.877,3.1201,1.0,1973965.0,1.4357,,2.8198,-3.6577,-4.7522,0.397,0.397,1,0,True,,
2026-06-01,ai_compute,AI算力,102,97,0.951,-3.3975,-4.5496,0.1237,758567739.0,0.8258,,-10.5847,14.3058,17.0237,0.4844,0.5296,0,2,True,调整中,
2026-06-01,semiconductor,半导体,100,95,0.95,-3.7256,-4.1823,0.0947,1194720496.0,0.1381,,-11.5638,11.4417,11.4891,0.3582,0.4364,0,2,True,调整中,provider_members_stale
2026-06-01,custom_watch,我的观察池,3,3,1.0,-0.5386,-1.0499,0.3333,1384446.0,1.01,,3.0755,-5.5368,-5.2652,0.3362,0.3362,0,1,True,,
2026-06-02,ai_compute,AI算力,102,97,0.951,1.6805,2.5509,0.5876,526824710.0,0.5658,,-7.0169,14.4045,18.9903,0.4411,0.5964,1,0,True,调整中,
2026-06-02,semiconductor,半导体,100,95,0.95,-0.264,0.4658,0.3474,1042052155.0,0.7582,,-9.3354,7.7073,11.1947,0.235,0.4252,0,3,True,调整中,provider_members_stale
2026-06-02,custom_watch,我的观察池,3,3,1.0,1.3145,1.5203,0.6667,1309772.0,0.9699,,4.4382,-3.1784,-4.02,0.4839,0.4839,1,0,True,,
2026-06-03,ai_compute,AI算力,102,97,0.951,1.8251,1.9602,0.7526,605691829.0,0.6579,,-2.9458,10.5401,21.1619,0.4676,0.6701,2,0,True,,provider_members_stale
2026-06-03,semiconductor,半导体,100,95,0.95,1.8205,2.4129,0.7368,1218152902.0,0.8866,,-6.0755,6.2447,13.219,0.252,0.5024,1,0,True,调整中,provider_members_stale
2026-06-03,custom_watch,我的观察池,3,3,1.0,-1.5133,-1.8277,0.0,1263275.0,0.9417,,1.1229,-5.7835,-5.4724,0.3386,0.3116,0,1,True,,
2026-06-04,ai_compute,AI算力,102,96,0.9412,2.4621,4.813,0.7396,736169566.0,0.816,,-3.1933,9.963,24.1451,0.6311,0.7714,3,0,True,,
2026-06-04,semiconductor,半导体,100,95,0.95,1.6745,3.5548,0.5789,1090893169.0,0.7973,,-6.7865,5.6245,15.1149,0.3606,0.5746,2,0,True,调整中,provider_members_stale
2026-06-04,custom_watch,我的观察池,3,3,1.0,-2.3271,-2.449,0.0,1333932.0,1.0123,,-0.2768,-7.3541,-7.6722,0.0622,0.0506,0,2,True,调整中|低位观察,
2026-06-05,ai_compute,AI算力,102,96,0.9412,-2.0786,-3.3358,0.2083,674907067.0,0.7501,,0.351,7.9318,21.5646,0.3278,0.6838,0,1,True,,
2026-06-05,semiconductor,半导体,100,95,0.95,-1.6436,-2.3844,0.2842,1215009811.0,0.8843,,-2.2284,4.0444,13.2228,0.1345,0.5025,0,1,True,,provider_members_stale
2026-06-05,custom_watch,我的观察池,3,3,1.0,0.2159,-0.2567,0.6667,1322196.0,1.0045,,-2.8563,-5.9833,-7.4728,0.0912,0.0743,1,0,True,低位观察,
2026-06-08,ai_compute,AI算力,102,98,0.9608,-4.6275,-3.8677,0.0612,704726200.0,0.7834,,-0.9267,-2.427,15.9392,0.0,0.4928,0,2,True,调整中,
2026-06-08,semiconductor,半导体,100,95,0.95,-4.4445,-4.0102,0.0632,1100825903.0,0.7911,,-2.9585,-5.7976,8.1907,0.0,0.3107,0,2,True,调整中,provider_members_stale
2026-06-08,custom_watch,我的观察池,3,3,1.0,-0.9331,-1.4414,0.3333,1408280.0,1.0649,,-3.2416,-7.1862,-8.3362,0.0,0.0,0,1,True,调整中,
2026-06-09,ai_compute,AI算力,102,98,0.9608,6.6248,6.4082,0.9694,882024408.0,0.9974,,3.8908,4.3668,23.6199,0.5142,0.7536,1,0,True,,
2026-06-09,semiconductor,半导体,100,95,0.95,6.1645,6.612,0.9474,1136864019.0,0.8224,,3.2963,-0.2469,14.8601,0.3689,0.5649,1,0,True,,provider_members_stale
2026-06-09,custom_watch,我的观察池,3,3,1.0,0.6736,0.4176,0.6667,1454883.0,1.097,,-3.8537,-5.2652,-7.7188,0.1148,0.0712,1,0,True,调整中|低位观察|高低切换候选,
2026-06-10,ai_compute,AI算力,102,96,0.9412,-0.5561,-1.8066,0.3958,545964225.0,0.6072,,1.4613,-0.2531,22.9325,0.4682,0.7303,0,1,True,,
2026-06-10,semiconductor,半导体,100,95,0.95,0.5836,1.2168,0.4421,1196174649.0,0.8646,,2.0415,-2.2974,15.5304,0.4059,0.5905,2,0,True,,provider_members_stale
2026-06-10,custom_watch,我的观察池,3,3,1.0,0.2099,-0.183,0.6667,1826777.0,1.3756,,-2.1715,-4.7064,-7.5251,0.1788,0.0936,2,0,True,低位观察,
2026-06-11,ai_compute,AI算力,102,98,0.9608,1.7775,0.5104,0.5102,574377248.0,0.6522,,0.7834,3.6698,25.1176,0.6145,0.8045,1,0,True,,
2026-06-11,semiconductor,半导体,100,95,0.95,2.6122,3.6099,0.6421,1206368246.0,0.8715,,2.9826,0.724,18.5483,0.5728,0.7055,3,0,True,,provider_members_stale
2026-06-11,custom_watch,我的观察池,3,3,1.0,-0.518,-0.5598,0.3333,1450228.0,1.0745,,-0.3595,-4.3706,-8.0041,0.0769,0.0383,0,1,True,低位观察,
2026-06-12,ai_compute,AI算力,102,96,0.9412,-1.628,-0.0479,0.3333,1044700067.0,1.2044,,1.2472,2.2989,23.0807,0.4781,0.7353,0,1,True,,provider_members_stale
2026-06-12,semiconductor,半导体,100,94,0.94,-1.5539,-1.5385,0.2872,1711157164.0,1.2397,,3.0765,-0.8385,16.7062,0.471,0.6353,0,1,True,,provider_members_stale
2026-06-12,custom_watch,我的观察池,3,3,1.0,2.3613,2.0553,1.0,2497058.0,1.8329,,1.7736,-1.436,-5.8318,0.5802,0.289,1,0,True,高低切换候选,
2026-06-15,ai_compute,AI算力,102,100,0.9804,5.3207,6.1573,0.91,768891240.0,0.884,,11.8081,5.6633,29.6294,0.9165,0.9577,1,0,True,,
2026-06-15,semiconductor,半导体,100,94,0.94,5.3813,5.3189,0.9468,1361562308.0,0.9768,,13.6757,3.8998,22.9865,0.8183,0.8748,1,0,True,,provider_members_stale
2026-06-15,custom_watch,我的观察池,3,3,1.0,-0.8083,-0.6626,0.3333,1923640.0,1.354,,1.9018,-1.0822,-6.5929,0.4039,0.2012,0,1,True,低位观察,
2026-06-16,ai_compute,AI算力,102,97,0.951,1.8899,1.1808,0.732,682184282.0,0.7925,2.02,6.8431,5.3172,32.0793,1.0,1.0,2,0,True,强势延续,
2026-06-16,semiconductor,半导体,100,94,0.94,1.7373,1.4278,0.7021,1256388929.0,0.9101,,8.9353,2.1358,25.1231,0.9365,0.9562,2,0,True,强势延续,provider_members_stale
2026-06-16,custom_watch,我的观察池,3,3,1.0,-0.3208,-0.2281,0.3333,1326071.0,0.9099,,0.8953,-1.4868,-6.8926,0.3345,0.1666,0,2,True,调整中|低位观察,
2026-06-17,ai_compute,AI算力,102,96,0.9412,3.7886,5.0431,0.8333,498620773.0,0.5861,4.25,11.511,6.735,37.0833,1.0,1.0,3,0,True,强势延续,
2026-06-17,semiconductor,半导体,100,91,0.91,3.8308,4.2689,0.9341,1109581459.0,0.8194,,12.4521,2.8864,29.9163,1.0,1.0,3,0,True,强势延续,
2026-06-17,custom_watch,我的观察池,3,3,1.0,-1.2872,-1.2148,0.0,1260724.0,0.8583,,-0.6121,-1.9926,-8.0911,0.0568,0.0283,0,3,True,调整中|低位观察,
2026-06-18,ai_compute,AI算力,102,97,0.951,1.3373,3.0436,0.6082,862820191.0,1.0501,,11.0287,14.1364,38.9165,1.0,1.0,4,0,True,强势延续,
2026-06-18,semiconductor,半导体,100,94,0.94,1.936,2.632,0.7447,1468104654.0,1.0986,,11.711,11.8864,32.4315,1.0,1.0,4,0,True,强势延续,provider_members_stale
2026-06-18,custom_watch,我的观察池,3,3,1.0,-2.1139,-2.0008,0.0,1869846.0,1.2651,,-2.2065,-3.5062,-10.0339,0.0,0.0,0,4,True,调整中,
2026-06-19,semiconductor,半导体,100,1,0.01,0.0,0.0,0.0,0,0.0,,13.4743,8.8587,32.4315,1.0,1.0,0,0,False,,low_coverage|provider_members_stale
2026-06-22,ai_compute,AI算力,102,98,0.9608,1.7995,2.4534,0.5612,821822686.0,1.0199,,14.8972,12.9927,41.4163,1.0,1.0,5,0,True,强势延续,provider_members_stale
2026-06-22,semiconductor,半导体,100,94,0.94,0.7589,1.6847,0.4894,1579872011.0,1.2546,,8.4969,5.8456,33.4365,1.0,1.0,1,0,True,,provider_members_stale
2026-06-22,custom_watch,我的观察池,3,3,1.0,2.6374,3.0408,1.0,1918216.0,1.2813,,-1.9427,-0.3204,-7.6612,0.3945,0.2289,1,0,True,低位观察|高低切换候选,
2026-06-23,ai_compute,AI算力,102,97,0.951,-1.9238,-3.5951,0.299,582023475.0,0.7263,,6.994,5.9744,38.6957,0.8932,0.932,0,1,True,,
2026-06-23,semiconductor,半导体,100,93,0.93,0.8781,0.4252,0.5914,1491444099.0,1.1844,,7.5806,9.7552,34.6082,1.0,1.0,2,0,True,强势延续,provider_members_stale
2026-06-23,custom_watch,我的观察池,3,3,1.0,-1.6754,-2.4207,0.3333,1622349.0,1.0611,,-2.7999,-1.2146,-9.2082,0.1373,0.0797,0,1,True,,
2026-06-24,ai_compute,AI算力,102,97,0.951,3.1946,2.0769,0.8144,659169417.0,0.8586,,8.3641,11.8439,43.1265,1.0,1.0,1,0,True,,provider_members_stale
2026-06-24,semiconductor,半导体,100,94,0.94,2.8843,3.4049,0.8191,1629842852.0,1.2893,,6.6,14.8895,38.4907,1.0,1.0,3,0,True,强势延续,provider_members_stale
2026-06-24,custom_watch,我的观察池,3,3,1.0,-0.7926,-0.501,0.3333,1515447.0,0.9742,,-3.2599,-1.9903,-9.9278,0.0176,0.0102,0,2,True,调整中,
2026-06-25,ai_compute,AI算力,102,101,0.9902,4.1275,4.3286,0.7723,1136025971.0,1.5193,,8.7179,19.3806,49.034,1.0,1.0,2,0,True,强势延续,provider_members_stale
2026-06-25,semiconductor,半导体,100,94,0.94,1.9783,2.9171,0.5532,1602050873.0,1.2631,,6.6442,14.3604,41.2305,1.0,1.0,4,0,True,强势延续,provider_members_stale
2026-06-25,custom_watch,我的观察池,3,3,1.0,0.3908,0.8357,0.6667,1456491.0,0.9279,,-1.6155,-3.2668,-9.5758,0.0762,0.0442,1,0,True,低位观察,
2026-06-26,ai_compute,AI算力,102,102,1.0,1.0494,-0.2841,0.5784,1017929938.0,1.3279,,8.409,17.4343,50.598,1.0,1.0,3,0,True,强势延续,
2026-06-26,semiconductor,半导体,100,98,0.98,-0.0495,-0.2427,0.398,1410601999.0,1.1149,,6.5914,21.8967,41.1606,0.9979,0.9983,0,1,True,,
2026-06-26,custom_watch,我的观察池,3,3,1.0,-2.7761,-2.8316,0.0,1751801.0,1.1161,,-2.281,-5.0443,-12.0861,0.0,0.0,0,1,True,,
2026-06-29,ai_compute,AI算力,102,101,0.9902,3.0187,3.1418,0.6436,1154596515.0,1.5194,,9.7074,28.0707,55.1441,1.0,1.0,4,0,True,强势延续|过热警戒,
2026-06-29,semiconductor,半导体,100,99,0.99,3.1597,3.4271,0.6364,1623915549.0,1.298,,9.1312,30.6145,45.6208,1.0,1.0,1,0,True,,
2026-06-29,custom_watch,我的观察池,3,3,1.0,1.7775,2.4502,1.0,1616277.0,1.0143,,-3.0997,-6.0591,-10.5234,0.1937,0.1259,1,0,True,调整中|低位观察,
2026-06-30,ai_compute,AI算力,102,101,0.9902,4.6889,3.6473,0.8416,1013094599.0,1.3297,,17.1043,38.7913,62.4187,1.0,1.0,5,0,True,强势延续,
2026-06-30,semiconductor,半导体,100,99,0.99,6.3668,6.6291,0.8586,1524277738.0,1.1978,,15.0689,39.2982,54.8922,1.0,1.0,2,0,True,强势延续,
2026-06-30,custom_watch,我的观察池,3,3,1.0,-0.8274,-0.4636,0.3333,1421344.0,0.9021,,-2.264,-6.3319,-11.2638,0.1019,0.0662,0,1,True,,
2026-07-01,ai_compute,AI算力,102,101,0.9902,0.3216,-0.855,0.4455,1016157862.0,1.3118,,13.844,36.9364,62.941,1.0,1.0,6,0,True,,
2026-07-01,semiconductor,半导体,100,99,0.99,-0.1371,-1.1917,0.3838,1633813446.0,1.26,,11.6897,36.62,54.6799,0.9955,0.9961,0,1,True,,
2026-07-01,custom_watch,我的观察池,3,3,1.0,-0.2015,-0.4953,0.6667,1390250.0,0.8813,,-1.6817,-7.7335,-11.4426,0.0973,0.0518,0,2,True,调整中|低位观察,
2026-07-02,ai_compute,AI算力,102,101,0.9902,-5.8971,-7.9313,0.099,941048960.0,1.1776,,2.884,26.5515,53.3322,0.7956,0.8438,0,1,True,,
2026-07-02,semiconductor,半导体,100,99,0.99,-5.3945,-6.4384,0.0909,1518768182.0,1.1528,,3.6148,27.1214,46.3357,0.8168,0.844,0,2,True,调整中,
2026-07-02,custom_watch,我的观察池,3,3,1.0,0.5434,0.3769,0.6667,1396373.0,0.883,,-1.5322,-5.8067,-10.9613,0.1798,0.0906,1,0,True,低位观察,
2026-07-03,ai_compute,AI算力,102,101,0.9902,-1.9998,-1.0706,0.3168,864697854.0,1.0599,,-0.2205,21.0405,50.2659,0.7303,0.794,0,2,True,调整中,
2026-07-03,semiconductor,半导体,100,99,0.99,-3.4359,-2.6648,0.2222,1340483063.0,1.0012,,0.1042,24.805,41.3077,0.7091,0.7523,0,3,True,调整中,
2026-07-03,custom_watch,我的观察池,3,3,1.0,-0.4094,-0.6418,0.3333,1156444.0,0.7282,,0.8647,-3.9573,-11.3259,0.1216,0.0612,0,1,True,低位观察,
2026-07-06,ai_compute,AI算力,102,101,0.9902,-1.0368,-0.5324,0.396,791751447.0,0.9629,,-4.1485,22.3283,48.7079,0.6972,0.7686,0,3,True,调整中,
2026-07-06,semiconductor,半导体,100,99,0.99,-0.5741,0.0732,0.3838,1323194583.0,0.9837,,-3.519,29.8601,40.4965,0.6404,0.7375,0,4,True,调整中,
2026-07-06,custom_watch,我的观察池,3,3,1.0,0.5464,0.1201,0.6667,1318499.0,0.8349,,-0.3553,-3.6406,-10.8413,0.199,0.1003,1,0,True,低位观察,
2026-07-07,ai_compute,AI算力,102,101,0.9902,-0.7128,0.1965,0.4158,731239557.0,0.883,,-9.0942,27.3494,47.6479,0.6178,0.7514,0,4,True,调整中,
2026-07-07,semiconductor,半导体,100,99,0.99,1.0488,1.633,0.5657,1159359907.0,0.8548,,-8.3427,23.6026,41.97,0.6717,0.7644,1,0,True,,
2026-07-07,custom_watch,我的观察池,3,3,1.0,-0.7752,-1.0811,0.0,1041072.0,0.6593,,-0.3029,-3.487,-11.5325,0.0885,0.0446,0,1,True,低位观察,
2026-07-08,ai_compute,AI算力,102,101,0.9902,-2.4532,-0.8838,0.198,845889931.0,1.0198,,-11.6086,16.507,44.0258,0.5272,0.6925,0,5,True,调整中,
2026-07-08,semiconductor,半导体,100,99,0.99,-0.54,0.2937,0.3535,1362251171.0,1.0036,,-8.7125,22.2218,41.2034,0.6415,0.7504,0,1,True,,
2026-07-08,custom_watch,我的观察池,3,3,1.0,-0.3199,-0.6373,0.6667,1247055.0,0.799,,-0.4211,-4.4394,-11.8155,0.0433,0.0218,0,2,True,调整中|低位观察,
2026-07-09,ai_compute,AI算力,102,100,0.9804,7.6051,8.6608,0.96,903589187.0,1.0918,,1.0741,26.0685,54.9791,0.8003,0.8706,1,0,True,,
2026-07-09,semiconductor,半导体,100,99,0.99,7.3155,7.6461,0.9798,1544934845.0,1.1313,,3.5517,27.824,51.5331,0.912,0.9388,1,0,True,,
2026-07-09,custom_watch,我的观察池,3,3,1.0,0.5174,0.6938,0.3333,1159229.0,0.7477,,-0.4469,-4.1462,-11.3592,0.1162,0.0585,1,0,True,低位观察,
2026-07-10,ai_compute,AI算力,102,100,0.9804,-4.2448,-5.9117,0.18,1012780176.0,1.1978,,-1.2413,18.6089,48.4006,0.6352,0.7636,0,1,True,,
2026-07-10,semiconductor,半导体,100,99,0.99,-6.1606,-7.5046,0.0707,1639012256.0,1.1855,,0.6298,21.8425,42.1977,0.6021,0.7686,0,1,True,,
2026-07-10,custom_watch,我的观察池,3,3,1.0,-1.8582,-1.6626,0.3333,1565547.0,1.0321,,-1.8951,-5.4375,-13.0064,0.0,0.0,0,1,True,低位观察,
2026-07-13,ai_compute,AI算力,102,101,0.9902,-6.5583,-4.4861,0.0792,824493886.0,0.9505,,-6.7514,12.6643,38.668,0.2713,0.6054,0,2,True,调整中,
2026-07-13,semiconductor,半导体,100,99,0.99,-5.8875,-5.0042,0.101,1368671699.0,0.9925,,-4.7479,8.8135,33.8259,0.2923,0.6159,0,2,True,调整中,
2026-07-13,custom_watch,我的观察池,3,3,1.0,1.4378,1.4623,1.0,1429636.0,0.9389,,-1.0254,-6.2906,-11.7556,0.195,0.0938,1,0,True,低位观察,
2026-07-14,ai_compute,AI算力,102,101,0.9902,1.512,2.794,0.5941,775384570.0,0.9054,,-4.6619,8.59,40.7647,0.2814,0.6395,1,0,True,调整中,
2026-07-14,semiconductor,半导体,100,99,0.99,1.141,1.8534,0.5556,1285653805.0,0.9321,,-4.661,8.1757,35.3528,0.2177,0.6438,1,0,True,调整中,
2026-07-14,custom_watch,我的观察池,3,3,1.0,1.041,0.7734,1.0,1673558.0,1.139,,0.7862,-4.5436,-10.837,0.3548,0.1627,2,0,True,低位观察|高低切换候选,
2026-07-15,ai_compute,AI算力,102,101,0.9902,-5.986,-4.825,0.0693,692638989.0,0.8084,,-8.1147,0.1962,32.3385,0.0,0.5025,0,1,True,调整中,
2026-07-15,semiconductor,半导体,100,99,0.99,-6.1083,-5.9219,0.0505,1117043940.0,0.809,,-9.9986,-2.1793,27.0851,0.0,0.493,0,1,True,调整中,
2026-07-15,custom_watch,我的观察池,3,3,1.0,2.2837,2.7197,1.0,1411859.0,0.9691,,3.4187,-2.0494,-8.8007,0.7868,0.3153,3,0,True,强势延续,
2026-07-16,ai_compute,AI算力,102,102,1.0,-6.0848,-5.8525,0.0392,643444556.0,0.7506,,-19.8047,-9.3354,24.286,0.0,0.3716,0,2,True,调整中,
2026-07-16,semiconductor,半导体,100,99,0.99,-6.2489,-4.6705,0.0707,1073390908.0,0.7772,,-21.3745,-10.0338,19.1436,0.0,0.3482,0,2,True,调整中,
2026-07-16,custom_watch,我的观察池,3,3,1.0,-0.6117,-0.3666,0.3333,1100246.0,0.753,,2.257,-1.3791,-9.3586,0.6824,0.2735,0,1,True,,
2026-07-17,ai_compute,AI算力,102,102,1.0,-9.2382,-8.2372,0.0196,765596813.0,0.8856,,-23.9867,-18.7971,12.8042,0.0,0.185,0,3,True,调整中,
2026-07-17,semiconductor,半导体,100,99,0.99,-10.0424,-9.6848,0.0202,1255462023.0,0.9222,,-24.627,-19.0685,7.1788,0.0,0.1301,0,3,True,调整中,
2026-07-17,custom_watch,我的观察池,3,3,1.0,-0.692,-0.9243,0.3333,1646369.0,1.133,,3.4721,0.0535,-9.9858,0.5651,0.2265,0,2,True,调整中|低位观察,
2026-07-20,ai_compute,AI算力,102,102,1.0,-7.5887,-3.8424,0.0784,845136922.0,0.9831,,-24.8249,-26.2859,4.2438,0.0,0.0458,0,4,True,调整中,
2026-07-20,semiconductor,半导体,100,99,0.99,-7.8764,-6.5013,0.0808,1397389862.0,0.9812,,-26.2198,-26.0046,-1.2631,0.0,0.0,0,4,True,调整中,
2026-07-20,custom_watch,我的观察池,3,3,1.0,4.1216,5.2508,1.0,2121363.0,1.4712,,6.2098,1.5003,-6.2758,1.0,0.5047,1,0,True,,
2026-07-21,ai_compute,AI算力,102,102,1.0,10.214,12.6333,0.9608,957108423.0,1.1118,,-18.3806,-17.1631,14.8913,0.1814,0.2189,1,0,True,调整中|低位观察|高低切换候选,
2026-07-21,semiconductor,半导体,100,99,0.99,10.8333,12.373,1.0,1552344840.0,1.097,,-19.1495,-18.7023,9.4334,0.1905,0.1905,1,0,True,调整中|低位观察|高低切换候选,
2026-07-21,custom_watch,我的观察池,3,3,1.0,-0.4037,-0.3004,0.3333,2272621.0,1.5651,,4.6911,2.8131,-6.6542,0.9438,0.4763,0,1,True,,
2026-07-22,ai_compute,AI算力,102,102,1.0,-1.8786,-2.6088,0.2059,805773237.0,0.9161,,-14.8147,-21.2355,12.7329,0.1446,0.1838,0,1,True,调整中,
2026-07-22,semiconductor,半导体,100,99,0.99,-0.6708,-0.2848,0.3535,1378890671.0,0.9723,,-14.4673,-21.5115,8.6993,0.1774,0.1774,0,1,True,调整中,
2026-07-22,custom_watch,我的观察池,3,3,1.0,-0.5129,-1.0868,0.3333,1406603.0,0.9475,,1.8287,3.1029,-7.133,0.8727,0.4404,0,2,True,调整中,
2026-07-23,ai_compute,AI算力,102,102,1.0,-2.3859,-2.6693,0.1863,574663569.0,0.6479,,-11.4596,-26.1623,10.0432,0.0988,0.1401,0,2,True,调整中,
2026-07-23,semiconductor,半导体,100,99,0.99,-3.6094,-3.7133,0.0606,947031031.0,0.6738,,-12.0592,-25.8121,4.7759,0.1075,0.1075,0,2,True,调整中,
2026-07-23,custom_watch,我的观察池,3,3,1.0,1.2012,0.8908,0.6667,1489070.0,1.0067,,3.6861,3.9352,-6.0174,1.0,0.524,1,0,True,,
2026-07-24,ai_compute,AI算力,102,102,1.0,-0.6604,-0.0567,0.3529,552528481.0,0.6433,,-3.0918,-27.4117,6.4569,0.0864,0.1283,0,3,True,调整中,
2026-07-24,semiconductor,半导体,100,99,0.99,0.005,-0.1289,0.4141,895260296.0,0.6521,,-2.237,-25.7717,4.7812,0.1076,0.1076,1,0,True,低位观察,
2026-07-24,custom_watch,我的观察池,3,3,1.0,-0.0579,-0.0516,0.6667,1431174.0,0.9665,,4.3482,6.8411,-5.2543,0.9922,0.52,0,1,True,,
2026-07-27,ai_compute,AI算力,102,102,1.0,2.8633,2.502,0.8922,572279739.0,0.6849,,7.8688,-27.5212,10.8668,0.1397,0.1663,1,0,True,低位观察,
2026-07-27,semiconductor,半导体,100,99,0.99,2.4515,2.4329,0.798,902673998.0,0.6701,,8.7231,-26.2812,7.3043,0.1534,0.1534,2,0,True,低位观察,
2026-07-27,custom_watch,我的观察池,3,3,1.0,1.3054,1.3692,0.6667,1462418.0,0.9984,,1.5259,6.3455,-3.7522,1.0,0.6119,1,0,True,,
2026-07-28,ai_compute,AI算力,102,102,1.0,-6.4615,-8.9587,0.049,624538025.0,0.7744,,-8.4519,-35.2409,2.738,0.016,0.0199,0,1,True,调整中,
2026-07-28,semiconductor,半导体,100,99,0.99,-6.5022,-8.0381,0.0404,973431416.0,0.7425,,-8.2823,-35.2003,-2.7781,0.0292,0.0291,0,1,True,调整中,
2026-07-28,custom_watch,我的观察池,3,3,1.0,0.2968,0.5057,0.6667,1486057.0,1.0199,,2.2399,7.551,-4.8369,1.0,0.6331,2,0,True,,
2026-07-29,ai_compute,AI算力,102,102,1.0,-2.0727,-1.2038,0.2353,752067410.0,0.9556,,-8.633,-36.7865,-0.9688,0.0,0.0,0,2,True,调整中,
2026-07-29,semiconductor,半导体,100,99,0.99,-1.8058,-1.4753,0.2626,1156310898.0,0.9009,,-9.3303,-36.2831,-7.5139,0.0,0.0,0,2,True,调整中,
2026-07-29,custom_watch,我的观察池,3,3,1.0,0.7733,0.6632,1.0,1977743.0,1.3544,,3.5617,8.6015,-2.982,1.0,0.6884,3,0,True,强势延续,
2026-07-30,ai_compute,AI算力,102,102,1.0,-7.1918,-7.3135,0.0294,698674099.0,0.9029,,-13.1313,-37.6562,-12.7871,0.0,0.0,0,3,True,调整中,
2026-07-30,semiconductor,半导体,100,99,0.99,-8.9042,-10.2257,0.0,1095525581.0,0.8698,,-14.3109,-38.6468,-17.6203,0.0,0.0,0,3,True,调整中,
2026-07-30,custom_watch,我的观察池,3,3,1.0,2.427,2.3771,1.0,3301971.0,2.2166,,4.8161,10.6361,-1.8153,1.0,0.9094,4,0,True,强势延续|过热警戒,
2026-07-31,ai_compute,AI算力,102,102,1.0,3.4359,3.3379,0.9412,730142777.0,0.9586,,-9.5492,-34.1982,-12.418,0.0553,0.0488,1,0,True,调整中|低位观察,
2026-07-31,semiconductor,半导体,100,99,0.99,4.7536,5.8179,0.9596,1119833173.0,0.9042,,-10.2421,-33.4435,-13.5747,0.0691,0.0655,1,0,True,调整中|低位观察,
2026-07-31,custom_watch,我的观察池,3,3,1.0,-0.7615,-1.0969,0.3333,2474256.0,1.5611,,4.0782,10.2449,-1.9045,0.9349,0.9148,0,1,True,,
2026-08-03,ai_compute,AI算力,102,102,1.0,-4.4692,-5.1347,0.1275,588629530.0,0.7797,,-15.9969,-36.4805,-16.1344,0.0,0.0,0,1,True,调整中,
2026-08-03,semiconductor,半导体,100,99,0.99,-4.4264,-4.8569,0.1111,902243584.0,0.7351,,-16.2678,-36.0223,-21.7352,0.0017,0.0016,0,1,True,调整中,
2026-08-03,custom_watch,我的观察池,3,3,1.0,0.1023,0.2647,0.3333,1312221.0,0.7949,,2.8422,9.758,-0.5659,0.9435,0.9233,1,0,True,,
2026-08-04,ai_compute,AI算力,102,102,1.0,6.5695,7.7216,1.0,584749896.0,0.7851,,-4.2943,-31.8216,-15.2824,0.1025,0.0906,1,0,True,调整中|低位观察,
2026-08-04,semiconductor,半导体,100,99,0.99,7.1762,7.5992,1.0,947849980.0,0.7857,,-4.0181,-32.1428,-16.3338,0.1062,0.1007,1,0,True,调整中|低位观察,
2026-08-04,custom_watch,我的观察池,3,3,1.0,-1.2082,-1.2855,0.3333,1520234.0,0.9211,,1.299,9.279,-2.1107,0.8409,0.8409,0,1,True,,
2026-08-05,ai_compute,AI算力,102,102,1.0,6.9756,4.9507,0.9804,769492173.0,1.0434,,4.5487,-25.2315,-9.0856,0.2186,0.1932,2,0,True,低位观察,
2026-08-05,semiconductor,半导体,100,99,0.99,6.7697,6.7197,0.9697,1166312013.0,0.9754,,4.3642,-27.1557,-13.0138,0.2118,0.2008,2,0,True,低位观察,
2026-08-05,custom_watch,我的观察池,3,3,1.0,-0.2513,-0.0233,0.3333,1854311.0,1.1074,,0.269,9.3542,-1.0025,0.8198,0.8198,0,2,True,调整中,
2026-08-06,ai_compute,AI算力,102,102,1.0,3.2309,2.2262,0.9902,754316967.0,1.0281,,16.2899,-28.2709,-9.8011,0.3097,0.244,3,0,True,低位观察,
2026-08-06,semiconductor,半导体,100,100,1.0,4.173,4.5109,0.99,1153593419.0,0.9727,,19.3462,-29.2888,-8.9598,0.3314,0.2668,3,0,True,,
2026-08-06,custom_watch,我的观察池,3,3,1.0,-1.3021,-1.5425,0.6667,1525007.0,0.8945,,-3.3815,7.3748,-1.9211,0.7107,0.7107,0,3,True,调整中,
